,Avg. Search Volume (Last 3 months),Keyword Difficulty,c?nh tranh
xe lamborghini,12100,24,18400
siêu xe lamborghini,5900,28,14500
ô tô lamborghini,920,,
lamborghini m?u m?i nh?t,430,,
xe lamborghini aventador,350,,
xe ô tô lamborghini,550,,
lamborghini 4 ch?,770,,
xe h?i lamborghini,320,,
lamborghini mui tr?n,450,,
oto lamborghini,920,,
lamborghini 7 ch?,180,,
lamborghini r? nh?t,260,,
xe ??p lamborghini,300,,
xe oto lamborghini,180,,
lamborghini màu h?ng,360,,
langbogini,180,,
xe urus,320,,
bi?u t??ng lamborghini,130,,
xe ?ua lamborghini,230,,
lamborghini vàng,240,,
xe lamborghini urus,180,,
lamborghini ?en,280,,
lamborghini h?ng,140,,
